wallet,credit_score
0xece2a8cded7f6bd3f5849037a2cf245f00a96cb7,99.99
0x45788611cd779677edd36b9dec51ced4a3231a77,99.99
0xe089860c9033471196c7adcb5730c99630083f19,99.99
0x91970127fd698b2716c36633ab396a797910a24c,99.99
0x573af7ecdb6c0265e1e5b3150497c878c4cd8628,99.99
0xfde695f57f1800f6a6012038ba6263f436b3cf68,99.99
0xb4308400aba2912c7c2ca6a9c6bfc98a49798913,99.99
0xc222dbfb4c59928b4a25e0dcc7ad8f0f9c263079,99.99
0x328bb0aea9523f733e1adac513e02c30a3d732e3,99.99
0x6b7b15e74a1c904c743a14ced2022442123abebb,99.99
0xe0878e7bdd59892a5670d50a42993b917b46b0ee,99.99
0x032b825ab8282cb13d8e044cb0c6f90a0bf37166,99.99
0xc79628f7e76eed4e4ca49c398293730db51ff38b,99.99
0x918c6b71fdfed16aa0a4d743aad89f13db766e66,99.99
0xc22d38bd7001bc03a0af9ab53bd4201bc20ef7bc,99.99
0x918558df5a12ba43657222bbcf1a735494a5024f,99.99
0xef5f7862b0bb4098dbd48d5d86fcaa0b3fe9848d,99.99
0xab77193406ada1ce5b6be7b67796c4dfac8ba2d2,99.99
0xc9e093dd5b67001c6f975bc4f62d0423909089aa,99.99
0xf1aa99c69715f423086008eb9d06dc1e35cc504d,99.99
0xc7a3020ecdc7b6554e24bb4ab0c78aa46bce3e37,99.99
0xc97b71a4bf8e251b9f8402810ab376bdce4e8b6b,99.99
0xe8b57ceef46cb983de4e08e48446a5c51b75fab0,99.99
0xe8c4c68ea6af2fb6147082ef4a71265826a33da4,99.99
0x45698cdcc733cba4f8b1150c2f580587adf1df92,99.99
0x52d65a92083deb36002c0637e1a7d4f62cf220d5,99.99
0xa5ccd262702697cda41dd97b598f4de95c596309,99.99
0xfad6d201fcb138855fdd7d3a102ba6d7b4af0283,99.99
0xc7bde5d00c8e0255b6a262a16fd7d5533e436e0c,99.99
0x98cd31a77948b77f1aa2ae36be4a5c5f6853de96,99.99
0x20c410a696f59ec838f2b787473d035b727260d5,99.99
0xc9c824a4633fe1aa5cc63a7b3ce4233c78960faa,99.99
0xe3554e132359424aba304c7cb222bbd65a8988bd,99.99
0x0e606657f52f72b6ea935bb4b33f1f18daae6fa0,99.99
0x034a4081df0c5a039d05113a7d0b334083a7b084,99.99
0x574207639e524ef42998f1d9fc649a0d1a7cf9d8,99.99
0xc7b6c16b6032ac35ed5a512622272215ae860156,99.99
0x919d0db808ca9973bc851ddaabd6110336fcd6a9,99.99
0xef5fa9f994bd79fa2ce48c57d97e315f0af2cecf,99.99
0xc2179c42306d710492442d8e3fb097a9d226e298,99.99
0xd7aa78bb243d5420717885af9703295f37e2dafd,99.99
0xa16beea3ecee1109f217cf444a6cbc759237733a,99.99
0x11f69a22ebabdaa38aab251e27f5d04679ecd584,99.99
0x031a83bb6c3108ac76f5de84623eaee6a698023f,99.99
0xf72a5898f65c1ec6c53dacd131b24d6e7338a9a4,99.99
0x3d16c7f2c9455daab5f2db1d662a0429829b1143,99.99
0x6ba7ae33270da1cc51d78e4acefb5b2aa9b3f429,99.99
0xef4b604892861fe1a504806287f4cd893a77a300,99.99
0xd5063ee38d59b4ede0fe1d94416c481b2f700456,99.99
0x4c3c207f50a9e923c30436901a6d21e904474b06,99.99
0x25e9079673b2de7520233ec24d459c5d5c53a0db,99.99
0x45a7dd922ea000e292601ac9157bbbaf5f9ded5a,99.99
0xda516f855cd531dd1338622f9d9c2217282b4b48,99.99
0x3a4dd62195f4dcc3d3c2517f2bc699594fe2cbb9,99.99
0xebd3245b84154c201913dfd90b431d87e58ecbb0,99.99
0x5b57990b8dcd7954134b170be215372c3512df15,99.99
0x7a857c379ddb4310120aa46d0f1275ec0a91b474,99.99
0xe896bcce9fbb3341a1e98f98ec7a6ffbdea35060,99.99
0x416b7a99bd32fc74a33de3548219ccba798b52dd,99.99
0xa127fe9c9ff0c26e4a4e36ba97361700afae372d,99.99
0x25f5767d16002de565951051a2d0407583b22e6b,99.99
0x5b4976a3926376d7be4faf56685ae2d8de35e93a,99.99
0x63aea4642d24126d0f39fdc0c7f578b83bd6176e,99.99
0x374993e55f34aa1d15ca6580258efc10fcd9a4ad,99.99
0x7467dd8f34a09b476a098605b437740e5f881f88,99.99
0xf1bb3f7d8bc8969a2a914645104e3423a4d96a61,99.99
0xfac34fb5b0556f23d890cd33148cea5532e7f9f6,99.99
0x63bca938dc34d48811c04c79c283e7239b00278b,99.99
0x20a372f22493279f89526a1f5d525d6c6b4abeea,99.99
0xa16780e66b5717faff7119c5203335e2bebd1dd8,99.99
0x747549cabb4c29c450c274f5e08502019a6b1b1c,99.99
0x2b2a3ec84580f19ef7bbca1e76c105e0c336ae35,99.99
0xe34c3fb6f252c676f3697d5b913236ca3510f36d,99.99
0xa145713ef23088e42ddb26591d0ce7562a96e055,99.99
0x4186b616021110aeb1ed9b20cf502441a70605bb,99.99
0x82ad45ff4cf34b8fd4f57ff70b1f08375b11485b,99.99
0xda581193cdf0efd943420e661e7c1ea2a0ca1a1f,99.99
0xf1bf4ec0316f94ed75e66da05044194d756f6e0a,99.99
0x1ae57184426d7198ba929d440b6d6005e116ee74,99.99
0x745869e92b46c5a4b959d5432ecc05a0b87d911a,99.99
0x0e4a51a9a0f3c0f38f9d3d8472985c4a5d020e6a,99.99
0xdec323a213b8da05c20c9bba194afb782aef8510,99.99
0x0358629bd27fa559b88d0f41ea3da28d057c3414,99.99
0xe0939bc1e1cb6c33293b811f0d931c5a86c4829a,99.99
0x7a0709ac4e96baaae63ac6ce9f04e81b897fbe40,99.99
0x983abc1997789a2aa3bafa6dc41495f6f3cd0685,99.99
0x2d841e088087d3a447d198725291d485dfba024d,99.99
0x3cbf81824702be1d6c28f4f9fa18ee5914d7fdf3,99.99
0x1a875b2f5cfa6a8beee6e59172a89d1d08b1ae3f,99.99
0xd76510f11ee52bc1de8de2811972977c09a2ed98,99.99
0xd766db171c42ae76accf77c19b0f7f59f5af3ac0,99.99
0x178b3e32d7e72d515ee2fd12f17fda9f553ce216,99.99
0xa58fab297f20cd2fc16c1fa117681697f52f240a,99.99
0x5ab9d116a53ef41063e3eae26a7ebe736720e9ba,99.99
0xe8dea4996b610fc0a64414dac05d583fa2765a1a,99.99
0xfafcc1c401d271ab4121c20d2d58a91bb1e76943,99.99
0x9200a94eed873415def17a650f288dc953f948ff,99.99
0xd2438c7eb25242852ed553c25ff3bb386e92a2b5,99.99
0x64636af1841f4f19e0fca6a87685c1f92d6985d0,99.99
0x74e2f04def059397d4a3382fd4a85df062d75bf4,99.99
0x6459230a4d3be7f2ea5162fbb383c6feef88574e,99.99
0x79fad9fc5ca80868a56a1824bd85b025f20b03a6,99.99
0x983a7502500142441b5eba0644ed456fe261a5ac,99.99
0xa57ecb7b57fb75c5aed5a602a20e5b4b249bf58f,99.99
0xae93711f0179709be906eb0791957b4245e7ab4f,99.99
0x3592b3dfe7da5921cfb53b168aefa4beaa73f010,99.99
0xae7cea441fd85b02f2768dcb849580089d8a81db,99.99
0xa574c53d63550e535c8b78f0e2a33bbe3c56ef2b,99.99
0xbdb437de29f09aa6535bf59bf5c1070f35340ee6,99.99
0x83660286128aabef95b2755ba2ae3a599a945c01,99.99
0xb48d74431d511eda44651fff8f6251d099a3af83,99.99
0xae88ab7118493aa7c393c45e8fa8b0dfd0acdec7,99.99
0xce1559448e21981911fac70d4ec0c02ca1eff39c,99.99
0x4a0119d41b3757688740dfc1c1a3c13814942ee2,99.99
0x4bfae5a45c19249dc8d67781c513fbb6bce11c3e,99.99
0x57a25cbc79aa97a48f1db8bd949b837c8b6901bb,99.99
0x1798ebc7574ae9ed7e581ed7640262a5eae20deb,99.99
0x50aeee21369e2a4d95eb8784da49645f927adf54,99.99
0xf18a8c841104921cfb895f32593096ecf4759f75,99.99
0x178dd9ce2174681c5e6bc739e9d188c4261b0042,99.99
0x87d709bd7241e82f204b3fc36a77dfbf371230c1,99.99
0x751993ea98f337e770dcbcc3c71a2b5f61b0d3c9,99.99
0xa5983c37fcb34dc4938eacf2951b48b0c4bbcd72,99.99
0xf196bba501bd8b6bfbe230dd6db39a93c72cb4f8,99.99
0x5759bb38e5759e4bbee2563ddebcfaa9d1c44aa9,99.99
0x831a0249a4016ab6381abe60a1de17532298e0b4,99.99
0xc7cac719cf84019329a63116eee562e79cd8b4ef,99.99
0x20fa10af5094c7d34f65537d9c921f71d91e9e32,99.99
0x4551ab011d61367326b4832810ebbc953fcaaa77,99.99
0x74baa21278e661ecea04992d5e8fbe6c29cf6f64,99.99
0x6b08ee4048a8a88a26260b1158a293213baab4db,99.99
0x82fc2dc6e96ac79693bd8e99b4f8c35e78a5d3a3,99.99
0x30e29c60545e6972f754b3654ce303f6c43f54a4,99.99
0xeb9364fb60856d027c30f7a168ce3781d4918764,99.99
0x20ed83f3e2ff6363eceb3d59656c025cc9b8b6dc,99.99
0x641a3550f1b7658e78b806aab0af1dfbd86c5f80,99.99
0xbd4e47e19a915ca0c7e3ae2b11d15b236b010e7e,99.99
0x1767c1fbfdda81bbb907c46f9863e0664eccbd9c,99.99
0x4c11aa6d5c1c27c99f4e6c48b6d4a4bd88607cb5,99.99
0x52ce7ca263ed1bbbb114399c15f8e3eb8385ab53,99.99
0x575ab9da3d06678f739ddb78f2620bc28fd6a52c,99.99
0x749c2aadc45e0eac6b378daa30433de851d27d72,99.99
0x6b415b39a3656d5ca440aa5088cc1d363676b8e0,99.99
0x3a7c5ece6285f15ef09d6da3815dc45ba2a7e359,99.99
0x98982c3569f31dac13ee20e8d973767b6f917d98,99.99
0x41c69fdadd32228c4d9faff0317d2ccdd74ff701,99.99
0xab95c29198f082b86c2eed5b7c18aa5b80802394,99.99
0x49d92c3f0af9792ceb58d0823b75de916f91a5a6,99.99
0x9878ca6c717d6e15b7da43c897fcbf214e30ca4c,99.99
0x644d8000b3918380395691dd47087a9999987a21,99.99
0xa1c9ceed5ff78f700dc4930514621843b5fac272,99.99
0xd788bfbece9af495736999d72330a32ed87c235d,99.99
0x52c72f8333bca27b9e489e729da979047e0dab6d,99.99
0xdec1e530945d1059d0106dc0b0dcdf0e64693d90,99.99
0xb78c077f0ff4f1701e3024cb2f18fdcc42fbd71d,99.99
0x2daddb58f471277fd5f57b29ecddb70c08e97573,99.99
0x830b1e003fc82fadd8938ec6aed47ac18a4a3bc9,99.99
0xfdae0a43d0a26befb74ad531b83f285e40b3abab,99.99
0x6af1689df0e145676c6fb7cfb95b85799e75961e,99.99
0x2565f8e0b33f2d3bb1c0e2dd5fbb972df48654c8,99.99
0x5add61a50c37453b2d10d4582457e996a55bedc2,99.99
0x2569c3aea08b3e535144ea8eed135b0215d41b77,99.99
0xa1c0534ee785a30455fcd45bbdee3a6b6227632d,99.99
0x827ea2c64d3f5093f632ab6daa94ee8d7eee0686,99.99
0x25fea94454fd3a7a18d95811f5e4eb573c1ccc42,99.99
0x02e37916658feb36f1b987d5fb43dff35d860a5e,99.99
0x81796c080b3fad63babcee4c55eb6dd21e1a37e5,99.99
0x62880bec718a8520675cbc5daa507755ec6bd7ba,99.99
0xe58585b22cc2ac4270a2b92c2d2d8c5db5a3330e,99.99
0x4614d44189dce23df19c5e7859a139a86293f42d,99.99
0x16866588d2f55d688f471b7c2f7e35eb5db36248,99.99
0x1fb8d5913088c25cd4a2c508409b08cf10eaf1e4,99.99
0x092e57f83354cb224c48a6660f81785c9a4e067a,99.99
0x73b5f2d10d68117200c90b548c79299614d0397f,99.99
0x1b70ea55191f91e221bdf46b0a53b1149066a071,99.99
0x8183866223445441b6fb9206b9f0b583410977e6,99.99
0xf788d9c49f26696d04754395e730d5a23c844836,99.99
0xfe864dfdae2992e9229ea4b3ef63df6118f6976f,99.99
0xaae697f9bfea16b2010cdcd06e1fb7d46d6b8986,99.99
0xfa396090b4dfd2bd86bbf6de63635d6e390b5de1,99.99
0xafa21daa53e8e3d3c42eba74328ae84633e2a924,99.99
0xe58b53263f58a486ce381884e024a62572f4fd4c,99.99
0x5c1584a98a8b974c3b75911da0e3111fe7a139db,99.99
0xd4c2dad8b594fe3e77b6dbf8a2de65993c1adcf2,99.99
0x6ce6afadd15996a6c3f3469105cb17e70b2d14f4,99.99
0xa6adde5c95641ea0a58ad7ba1348196c58792605,99.99
0xf21a975dc96ae7e3aa88a71a9a6b418347090df0,99.99
0x4cbe89f4d41c63aaf9cb815284ed51f82a41e77b,99.99
0xbc904354748f3eaea50f0ea36c959313ff55cc39,99.99
0x02672f619726de4f106df53b48632d03a4fe1b1a,99.99
0xce7719a555cedc7b9edb2add937d8b0f63f46d42,99.99
0x5029259f5f4125d6517c2082b8b942657af3b509,99.99
0xf76e294b6eaaacace4cfea1a63184cb97fa25264,99.99
0x6cbf263159e4b18a71ce8d071eb94ab6571bf8f4,99.99
0xf770ff5f416e8f0807a9adc1204ca1f914f2893d,99.99
0xf46d637fac8f1a0bacf970a3755b2f9022009ee9,99.99
0xa08917d1c5a80b2613b492100363634473c4877c,99.99
0x090e1fdc0cb866317751f0621884a203a8d797aa,99.99
0x907404df3bbc5af0229107394cac4469de366f3f,99.99
0x3787ea1eae270b3e873e564a9bcfd6dbd83b5c3c,99.99
0x9a75bccb9046827a9ee9c5038b9af16e3044b629,99.99
0x1fc931e464b63cd55e69c1fd4461317fe35ff771,99.99
0x3504f72ffcd429d76e5ad5009e5ce10151a3f8e1,99.99
0x091835ead9d069d1db83b267ee8c17669eb9ee75,99.99
0x39e800478a5fa06b47ede0dc01aa2cb3b039a04c,99.99
0xa6d3a319e16f7bacd7d728531ad4d1b509cda69f,99.99
0x9a4a20fc422f849caa37fd32a873223e23077317,99.99
0xb8210e030995e202acdc70066bc9e3099a862840,99.99
0x1668d90d79b720fc6e35a5947d374aeeab1d2297,99.99
0x568238900d9e830fed95610f0c94a029cf18f559,99.99
0xa059fc472c7fac3a939664a215d6948d5c85f502,99.99
0x7bd82570bc838dee6915b70059f554152c98a8b5,99.99
0x8135f9fbbf848aed4b69cc352cddff3cfbee83c4,99.99
0xb83d6c3f34f32cf9803404ab8ec8f6063cf9bb09,99.99
0x0d937d82ac1179122c73eaec8001ef480993e63e,99.99
0x62159ddfcd6205e29d3bf48c2e70e341bbbe6ff4,99.99
0x8989759b3e23511214ac89be112f4eb52cb6db3c,99.99
0x09730b8932333eb7c92f783db0d7c920afecf886,99.99
0x26e068650ae54b6c1b149e1b926634b07e137b9f,99.99
0x4d0abbde0cb30d828a90cfff33d40b966473825f,99.99
0x6d4090db32d7dd417668489964c05ed6811671f0,99.99
0x898ae2fa55497587becb740a7f4e18220ddbf9a9,99.99
0xaabb2e7ce70786cba0f35d2eaee51399146ca3eb,99.99
0x8fc4ce97c58765708492990de43f6aabe38fa918,99.99
0x89a3aaa9b626c9b9e7e6adc11239038d78f18a82,99.99
0x7390b378c7e2238289706b9ba463a29561e5d148,99.99
0xc34e0727428303010eef33dfe026e0d175f430a3,99.99
0x1b7c465d32320d5e3bc19a9f9defd615084b6750,99.99
0x7bacf22f747f2f4b983081c0aa76dddfecd008ab,99.99
0xd4bfce280d4c993114d82f32fe0b9dd9d900d460,99.99
0xb823dc506011eedab6f8feecc88806dbfc55ea93,99.99
0x40d20149259d690bef45a6830a779dbff6439df5,99.99
0xdc444be603d428c8d001d4252634130cc327f233,99.99
0xe59104682a0015342fe51299cb83ec04172ac604,99.99
0x4febeca24cd0b457c80fed6179c51df4eb5ea120,99.99
0x39dab51b477cdadee45191abf283ec8b3e4108a3,99.99
0xb82528aa0cd92658bf4862bb83a0407802944861,99.99
0xf78f345b5f5c1d647ffdef1e3a525cc00b9e0fc6,99.99
0x307fac37307a8f0423e8fa34cee7d1557c5c078a,99.99
0x81568814c24bc51286cdb5e01f87bba651ef6df3,99.99
0xb82674cfa16bb28d9b70bec830ff24baec6b1337,99.99
0x53532bca7c9a66cffbdff2231f9974d8f056e314,99.99
0x12e1c30563f8b0c1dbcebea65076a5e31bcbfd13,99.99
0xca54c3123c855bceceb0db69b034e45530020f26,99.99
0x2a8eef99d6af8dc87b77b15545e439d41e6c9feb,99.99
0xef25ee29ff36862117d8ec02a4dbb69ebdb77897,99.99
0x73e3857c8e425da3b91f9e87cb6bc70a49afe68a,99.99
0xf4c88ad0100975aa722bd6bd75fb7f971473cfee,99.99
0x99d130ab8307a6e0a5e75d13623da08292cbcaf4,99.99
0xab58779cec2b82a75ffd103fdc88d7e3adb13468,99.99
0x742324d541efe8f2be5297441093fb3f828f2c6e,99.99
0x4c54253711cd8fecb245c864cb0bc40189d3ce78,99.99
0x7421ee752e6da4f74ce5fa7f2887a4c995f13613,99.99
0xb7e56c4f44d42487b73169d6ef727489dda00549,99.99
0xd4f7cf52ade2144b4253d764047b7fd3adfbc730,99.99
0x4c5cdc66ce177d65a01b3df08d1a06fd212d47af,99.99
0x88ad1ea01e9635ecadcff10a19c05d1b1cbe90b9,99.99
0x99b3953ca863afaff5a8b4b1a2551c4b2be4daeb,99.99
0xd27be61d6b0161723229c3c1789de8003e7ba3b8,99.99
0x02bb2f2042da1b55e967a27132a102565900e835,99.99
0x50612672e56b6bf3b5323c014bdeb8b5ec543ac3,99.99
0xbceee9217df85113c2b08335ada30559003981bc,99.99
0xab3b78d0d999930863d092ac1dbed66fe9fdec37,99.99
0xca05e87ac41281b6f9579d3214b4f698f83561f6,99.99
0x4c69939dd51fb2a265a1619677a3522fb782a8e5,99.99
0x6352a2f05ddcf365aaeb062640cadb2a8a098972,99.99
0x6bc663026fbf3f16e4da876b026e5bd7f6766ede,99.99
0xd27078955887e164fd818869a2953d5eb8aee2db,99.99
0xbd027059fd97ac1adef77052a680a6319b105a50,99.99
0x260aec57e4069f7e493b36f72a5971efd18cca47,99.99
0x9984e864420b993300e73aa5fb8d385a06aa5297,99.99
0xc9f258df3b771a745d812a4a70e08054304ac7e4,99.99
0xda4cac0221b18fc8a091f11e39d85f65796a7d22,99.99
0x52fc6455f258760705e70f70160b06619bfe0adb,99.99
0x638899a69dcfdcd3bf329c0523f676ad8015ddc1,99.99
0x913cc2ded874f4381cfe7e3467fe2271f5611463,99.99
0x260a606fd164f853943c9a7cbf0118212a438f6d,99.99
0xc2719894e166fba3f1252604fa84e02457aef8ad,99.99
0x45b8d307c1cafc22cd07e1799187446d3c701305,99.99
0x329e500be9827db4257776144c22fb3e1a869a99,99.99
0xd26bafe6649054525e6e882d14602743467123f6,99.99
0xb3e7d9f1a3cdfc3f754793d55044bd2ca65922e4,99.99
0x6bc1f0288776139ecf9bee12b5a14a76e8d5c6c3,99.99
0x2070bde9bca50ee944c49dc236cd0970d0ae1a67,99.99
0xab5aa4c04bbd6a23ad37426033330d9982342812,99.99
0xaf30dc15c36782a796a91f48305de7b63ac42d17,99.99
0xd0e44af301a899f299b7abf6bf3824f1f222f6c8,99.99
0x88cd3f109e40b8bef0dac2f1b30009794bf38414,99.99
0x1fe4ba44f11ac3559475d5583419081575c7515a,99.99
0x90ff9402eebdd272fa1e0546cce335be56be18c7,99.99
0x1283f17edc401c0f12a4754208163e2e9be431fa,99.99
0x62ffc5a7b7549d27f36788d96bc3ec6a496f92df,99.99
0x2ad89a9c92776ee9c33ff17493864bd08fe7e21e,99.99
0x16cac6e628e415f2ef2a8a6dc48dce96300bc2f1,99.99
0xf1f0c294d247e8691d1118a86ccc669da3c75ca8,99.99
0xfa67866f75c7f8e55ec72240dec1483ced4d826f,99.99
0xc2d86b183c86ab2884ccae8cf829d5b04a1632b9,99.99
0x1b3e1786c3f8524ca0f3175b0b37bcc1bee5a6d5,99.99
0xaf7a42db9ee66f15d6ad74cde506e65604570bf4,99.99
0xfe62ad2613ed201459348b3e8cf9cc430be02c23,99.99
0xbc9899ef5ad0888fe82e93e44407a12c71047127,99.99
0xf1fae11e58b9040880a5375bebab79ea20b6b6b5,99.99
0xa0aab9d130ed36f0412641345940fc623712cff2,99.99
0x0dd373558903a0a920f00e4508a2e2457187675a,99.99
0x1b48184dc077f1c9bf1d152984d251e73e8d551d,99.99
0x2e373453a99e25d52b37e56c3ec422d7b9d80a38,99.99
0x6c8e4d6f376336871821dbe369bfe444fdd1fc99,99.99
0xa66efd90532735fa4a0de26a28cf96cda2082425,99.99
0x1b3c1c9344f51a2a2432a566bb7f8bcb3632416b,99.99
0x90c47b85737393646b328489fae0b91354dc7735,99.99
0xca125321e0a8a60d882f1b38fb7077aaa8eaf53b,99.99
0xa64d774c4ae468e2c068c98ff1205889fbb9de54,99.99
0x7ae5df3a6d6536b31c82f438fd7eb9f39c475d13,99.99
0xd4f0e09da9373a4cbd5425d850fd286add0279b9,99.99
0xd7ea43ef1adcb6a3277370c5582f14222a7aa216,99.99
0x26391af5eda55e1783cfd85b00b841438d103886,99.99
0x5051beb48c656f965a3554f9d463719735392446,99.99
0xa65776c5d0fb334458b0d160caa0ae98c8794812,99.99
0x0deeb1d7e133ae14e39f41d734c739dc02ee6b7a,99.99
0x4963fd7e69d824cddfb60e3fe35789f08fffd230,99.99
0xb7fc9b6514432b2a0b3ac683191a052843ed0be6,99.99
0x201231ca5f952d5345a0fe2e5c62566f6ca55964,99.99
0x6336621db71b1d12c8ac3341546ded7be7dacc0b,99.99
0xaf5b431e9f80599cd6220c3ffe9ab5977136900b,99.99
0x200f94b8b6345a8e06d08726fbf203e0d44aea1d,99.99
0x9a055dccade190792236bd2af9318f0313aa6b4c,99.99
0xa0ba58b35427cfa77f2026e93397278313fbd0ef,99.99
0x2512450d9a37897ece6d99b9ef05e0fb5efb2be9,99.99
0x836e7fa3718e1cf7897679728fc9d101d118721a,99.99
0xb85b27368b1ee6a59f8974c7e1f031bc615ca250,99.99
0x4b55e2667ba86b854ae27e5e11977df3546d1102,99.99
0x9469c98be5afd94cd601e094bc401ddd37f480a3,99.99
0x59946c3c0ec8186bffdc9cf7d98d66da4e3ebf8a,99.99
0xb56d243235000fcb407dd8f5488d4fc0355aa350,99.99
0x06461e9e752eb27ac92cb17a52d6b8357a437268,99.99
0x10959f83939004f097072c2de3500622a4809461,99.99
0x197d983c40bb002c9480d6865860561a48ac1376,99.99
0xdb478114eb8301a7ace35513c3312c1eeb8d99d0,99.99
0xea7a5dc4d5af11f159b9a2195b3ab26a7d4862de,99.99
0x3685b0b3123802cc407aa87f1a918c997103894c,99.99
0x9629d0e1f717682cc8428e1646a7fb408f20599a,99.99
0xe9d7492568e3de4bc5c6842d0a0707625111df01,99.99
0x188d9710be071076e6a189aea72fa9c26bca4dc2,99.99
0xf03266a702fc6130238f3f7470a8e0c0990f91cf,99.99
0x43fe8f74abe58c164c189f18f93cb16d08ff3a24,99.99
0x2c15192f19e08104e870c3ba7480b14fb3066171,99.99
0x8614117946175757341b497b688c0c0662838e8e,99.99
0x58a514b0f9921036c9d06982b160a80db1c5cd7f,99.99
0x31df078f87166a8639a9bc5c7500f34b85e8e61e,99.99
0xf0e2c7e7266fb19f8a4118670ce50e95c4c87790,99.99
0x980cc0c096a508997b222b99a0ca66dc6bee58c2,99.99
0x22ad46958b5e161d5a8912aa10dc0591e47d8893,99.99
0x5169a46cf0b99c0c1e8d078d3b9f9b6ed9a215ea,99.99
0x771d508587a504522a503c1cee6ac9bb75a56ac9,99.99
0xa35aa0870ff12d4672f2601c80276fe98a9bfc01,99.99
0x66d4bacfe61df23be813089a7a6d1a749a5c936a,99.99
0x432a1ab1eb69751d24c251d2e12b2b867c6f84d3,99.99
0x3621d4215b31635ee4cbd028d47aa15af9561995,99.99
0xdaf207cb268545c38c4b6be812759eaf12d5827f,99.99
0x95f5c98e1c2400ee2b7b6ef8cafbd2c4edb9f969,99.99
0x22c06b4f3b637b60792cb0f3832426e7d60be23c,99.99
0x66d4aa4d07210444b05164965ac6275b37af1589,99.99
0xd63828877db71f9e51f436b01df8833c03448a40,99.99
0x0625398a098f9624535626b7b75ae8f646741aba,99.99
0x84ecb387395a1be65e133c75ff9e5fcc6f756db3,99.99
0x770a59f310bb84adf5b3678dc12664b40969bacb,99.99
0xde2bd29a2f4c73f82021f3fbca56c33eb538434d,99.99
0x58b5f0f2ea803ec0e1d6cae119bf2905afa8b1b9,99.99
0x063504b50942df3a06ba3793fba35e5f0c41c8c7,99.99
0x23d6f869c4a64f1e8be35c777fdc523cfabee9ef,99.99
0x2cca498d1c1148bff717490d0c7c4a761d651dac,99.99
0x188bce51b48978d5de1a4f0ddd9fb2fbee27fd87,99.99
0xacdb2b1ea61fbbf4194416198f4e1763247801d0,99.99
0x9427af92486af4fc18913668d3be82ca0fc45c5e,99.99
0xf5a2eabc80df1f12cf80a46c38bd2e5b436bae3d,99.99
0x59b96e98b97f3d1a7e59df53cb0f05e650c4fffa,99.99
0x66666600e43c6d9e1a249d29d58639dedfcd9ade,99.99
0xdadcdf6c68f39515b12c3b2071b021228be6ed17,99.99
0xa4626bcf7f5bbfd6170016b9b687b410bf731769,99.99
0xea9f3c44f4fc7d6fa2385bcf432483b4947619f0,99.99
0xbebf749f8fbfbeaa585cdc535e6ed7924bfef6dd,99.99
0x240159de616c1e00bee5ae1487d965e3b9aeb9e3,99.99
0xbeb7cafa1daa55ec415d4568bc077fab30706ce7,99.99
0xd5f1eaa0be5f7b15b062b82a54eadaaa5a16e90f,99.99
0xfbbb837b7acf49b38b51c8f73dd350a6eb847a13,99.99
0x8492abe1c9918d5df6c4fe39afa9803e52e4698b,99.99
0x1870a0b0663e6d0bd32797a4ffa589241a68594e,99.99
0x4438fce0307f4b0ab7528747e423f924deae787b,99.99
0x7691ed61787be9ddde8a6f7ce90b61bc0813a633,99.99
0x04b129ff68eb96a088f4d243676bc425f0b4bffa,99.99
0x2cdbad7b5704f8f0034a216d1b3b7522982e8bf7,99.99
0x8630feb2bb10bbc2d0a760b9773bc932804953f4,99.99
0xf01b6a55ecc333dcc37ccdae7a9f8b48af3a2a66,99.99
0x04e1644efa9cfae4e31723cbac8cdcb27e723566,99.99
0x963eb0638a2fe075269b4e83f886e89d855ea4a8,99.99
0x188afa5c698a40408206be301090a7eec3600661,99.99
0x688d0b153c7b74cdd20b54737a9aee6b4d86f160,99.99
0x58a3505ee61f90bd5fbcf2abd889afad46b69d3a,99.99
0x861d3792434cb9463a60e41ac01ef4c96caf4390,99.99
0x8626cc43cbc573b4b865afba6456fe0e43a97470,99.99
0xc8721800c445200425ca06f1d6c52fa9e6f304b2,99.99
0x10b220581837e022db0a9d7da88c16ee9c65ae39,99.99
0x68bf97cfc8471486404d78f3deae1951ab4c4b9a,99.99
0x964de402afb132171371430e1a782a5e869b3a98,99.99
0x2ccde611a35aa395c8aeb2babb4e25c835ca1760,99.99
0xbed769e4fcc98cc1c9b168beb7aaa95a62eabbd6,99.99
0x3c1bc615529d285d53284052ec58112db0f82ba4,99.99
0x2c0aa52cb877dfb26d6c83c72d6f458d6b8f4cb7,99.99
0x862e840c2f7edd2c709d8de0df71c03210ed5267,99.99
0x22861a7363d30d4986475f4fcd1fac4212a9a180,99.99
0xf63817b871118494880aceb8e19649ec878cda6b,99.99
0x43cb651338a45c8010b2cedf417dd4d02d4d8189,99.99
0xc887959e93ee09d2ed9302d481da66d2d09baa4e,99.99
0xe113e572d42c2db80667e0932a595e3ff7f91fd3,99.99
0xfc5aa02cd9f1eda68f16261ea67af251a19ccc90,99.99
0x8580083a65d9682c0527ad53dadc4acb2212e888,99.99
0x23624a34ee5f3d88395766615343a3b0743e191d,99.99
0xad3fcc3881735fd92a5b388d3883397143823a61,99.99
0xe10746aeac9cc260afe434951bbbc48816ad1b71,99.99
0x85914abedecb147a6e74e061717ac2b8313ee2e3,99.99
0x9500b4d8f8036ad69b2c19a414cf52e79c8eb174,99.99
0x4b013ace7505ebdc80f3df6181db043793279404,99.99
0x77823209d7086a13600bb55fd4fc216dfe305157,99.99
0xbfb1997bfb7335bbe7b3117830c9f493ed8ab118,99.99
0x2314251101e4e2ccba1e96507567a6507e15e698,99.99
0x94f24f1ae2c9736a1df917ea48ad6ed46c5680ac,99.99
0x05c31f9623a5b691f18e60e68f23c64cd708badb,99.99
0x3bd856465321ead1605286938493169e9c9011cf,99.99
0xd653971fa19ef68bc80becb7720675307bfb3ee6,99.99
0xfc2b2935b943c65c88ab9a6973d4a90f91a54985,99.99
0x2312588666363dea8d500368436c2dba766dc471,99.99
0x2c6841e4e9fad3cc028561635e32dbe8a69dd8d1,99.99
0xfc3808e1180de958590186c6a62ddb1be1944f65,99.99
0x366ac1df169b71fd76476d488716b9bc758e9109,99.99
0x9529bc8dc77f058ef96b78beeb518c0525859fb7,99.99
0x67a7836dee33195c8562a8bcfcb290e64d88a945,99.99
0x51aff3fc41f77b2a7c5dce242f34287a4e230a9b,99.99
0x6793f5441f0f62c1397a099fdd799ff14d999176,99.99
0xbf8dc5b041e8e5ba08685f99441a100a0aa51bdf,99.99
0xa3bfd852c1b84b641e63238eda28a8a0f19771fd,99.99
0xdb18890e8986c6ff79dbb0687375f95daab9d30b,99.99
0x9550cbba7fb0e2ed9a6fc16649138c6018b1c569,99.99
0x3bab311d8386cc6ee340bf9dc54deacc7b73ea5c,99.99
0x950dd591cbdc1ed3679c6e3934ebbcef9489d3f6,99.99
0x19071345c02cb215443c1085bfac6d5077083471,99.99
0x2c6b36530c0f25fa2765e2901101b4fcf149dec4,99.99
0x31a727b710882004c0248ff32290f51073489a81,99.99
0x85515e6ad6b92f6fb55b61e5eeba44ae07adbc0e,99.99
0x9565b1fbae5b07163cfcaf440d2cf174b0d6247f,99.99
0x58fd2935e7d4416af66b7f04dc18f0d52f935c34,99.99
0x77b67ead0bed5a1d63d2a41af190a12edc663746,99.99
0x51963088c3bec10fabe76b72c8242c4e4b055f58,99.99
0xe0fe58a5b982f5feeb10cafc4c76bc9f9effa81a,99.99
0xfc991b8f28add1b7a6c0fd58883a743c31f9dee7,99.99
0x4346762b4a34fbfcf02cd11cde8c973b5f4c80f4,99.99
0x78193448967a9bed20cddd11f3c4f95eada9d56c,99.99
0x18c449e8be17bd57e4d20dbc936ca1cd2554e56d,99.99
0xbfeba596718badc743c572c5ec344dbb3453017b,99.99
0x850d774569ba471c6153c1c7e9c994fa4f95b2a1,99.99
0x31929bd36b50bb739c0c80fa30808d93004eeca3,99.99
0x10746757be9b659c8acfd0257e996ebf64317a4c,99.99
0x7824b383df694ee0cae49e48858f105d54b297bb,99.99
0xa409a97795c672a2113cf66a4138228d88cc49c2,99.99
0x1954c8cd151de0d0946fcc1e8a97545f711e2380,99.99
0xd6925b7939ce1577d2b27fe65de8e4f9ebfddd23,99.99
0xe420b0e37da8d51e01a63d71424fea6d3e1e809e,99.99
0xb61b71e50ef378245051fdcb67f5ffaf8a01c184,99.99
0xcd98b0c3011ede62c3d95d8e8696fa8cb3869a79,99.99
0x22df2d794daa012ab45fbfd9939b7d7d656acccd,99.99
0x77221531aa906358b56a6664b21eb63a242d3b0f,99.99
0x95de95034a7ca8f939b7039c88aa6342bfd2887f,99.99
0xe9f39293660b1b4919ab39f400817daa42422cc2,99.99
0x367c5828f41aba13ffc8a92530230e68217705b8,99.99
0x3be8216b408cf67312638d29ab04ede607a17fb0,99.99
0xf5e6ea04dca3cc58e507a2acfbf34ab0d4f2468c,99.99
0x1057bea69c9add11c6e3de296866aff98366cfe3,99.99
0x4af973f9c9a8404f43980362ed0096ff521845ef,99.99
0xf627e5f4bad95a956468d8bb6ee20b119f992e96,99.99
0xad19ed6197531475867583a45b8b8b8ff4a11bf0,99.99
0x775a7d79a4ba8315b9c4d75acbd81c47c738555e,99.99
0x959bb7ba6f8a8ab3c9db357a7756c62aa3599ebe,99.99
0x105149b1ec5fae473d73f2461b26a436eb21561a,99.99
0x05d175758b64b16f8a37535019396161ae96af8a,99.99
0x852a79fdb312fd2af3324cd8f4052f0b3c9c64b9,99.99
0x194fcd6604873a6dca6329d1e92092b61da27ece,99.99
0xe118c69c8448535b6c9f808cdb40c6e8a57a4361,99.99
0x05d9146a4bf306a4126d8f6996ae813ce1468557,99.99
0xf0bc145aa339a072a4c62ea209f488dc6491b11c,99.99
0xf064a63427444b30d7cc73cfb6c6fbf8132d46f0,99.99
0x95b9f2f528338b0cdb3f14442837b0e7f05dceec,99.99
0x95be764dde2f5b29d2f8f1c3a3bce0d0dfed9b97,99.99
0xde330249e0cd71d25beb1a7871cedfd7f4bcc0fe,99.99
0xbeb2a2ac1b14fe4ebe0ff181e5f26feae5fafa9c,99.99
0xd6d30f186e802c1558b8137bd730f7f4aec17ae7,99.99
0xa4710a7089d6681fac3212703b09d734b987930d,99.99
0xda936b8221f797afac0584f7d8722e87c94ec2a9,99.99
0xc95be28595eb64485dac63ad14f15e41c94ee468,99.99
0xc95eb2df78a3df7550577f3654ae9e12bd6b5662,99.99
0x1a403b487345a6559c8863ff725a1df6cdbf3d41,99.99
0xa234f2f34e5d05dcc5d0fc1387fe672fba0cfea8,99.99
0xe4dbcbad4c25b0c07bee913c9aff802e17d2ddef,99.99
0x4a38887040918a3d6261a8ce59e19fb4789bc897,99.99
0x36e41ca083793a48ad85edb3b472791d8d125562,99.99
0x757b8edf033eeab10c3a9bcc75caec52fc79ca34,99.99
0x652ff69683e62d57e17094d69ed00f022737ff00,99.99
0xc130956c8752d9e70e2f733e27b33fc34de0dfa1,99.99
0xb71347d0ea00c70b1e4a66698c4878db12a126ab,99.99
0xa5228d131e909931158945c4ba5488634ca4784b,99.99
0x5a4796c70abd6a4b4a94de3e4558d0f6085b6a8f,99.99
0x97b806b25761775aad189985349f2c46fd7909dc,99.99
0x57cbe56efc004e5d3b2e5545f40a69af6ede12e0,99.99
0xb72491ba0884324ce1e52a7d65efc3997eab590b,99.99
0xae69116e4aa49645f78c1fc9f28f677aede0d153,99.99
0x21d03936c6eb660453261ece4c211b17611ff241,99.99
0xde94a94bf122cbfb67738565daca604e54781f90,99.99
0xddfed3d757262595135587f0d937c805873366d3,99.99
0x4a4dfabef6b670ca53b6672f2422bab17de49dd9,99.99
0x5a18cec8c8a1336aff462e256e9891173bff5cda,99.99
0xa24ced3d627c9c69638779143bc00de65b0c7f7e,99.99
0x976868c1de3b3ef448ec5e20e6a8470508b9467d,99.99
0xe15103fe6728f5176d39b2116291193420a8b08c,99.99
0x17efc6132f201d45522df36cc1edabcd138f9edc,99.99
0x9334f956a0f5aab47e1723bdeb9d7f6d254ca7ae,99.99
0x1a272bb7f757d727c1e2d5c4ed652fb5335fa6f2,99.99
0x042b41d0a51035b986c291ac6c2c3799ea05152b,99.99
0xeafa38e0a922065a06e77e27867bcc06a5b87911,99.99
0x873c6e8dabcfee6bebc75a23052e36fcda4d9e81,99.99
0xd71928d635e906406eebbf99d8ebbd05bdc7a48a,99.99
0x69c51ef78fa71b314623bdfe920d19c03e47d853,99.99
0x5809468d6a343a5ea114a6f6a698fa5b5a72c812,99.99
0xb6faa01c2fc18e3429b264e03abca03d667c625e,99.99
0xfb484a0f263203f88c35eaad674aec229ae41b85,99.99
0xbe2035d01eb60584bec0f02f35eaac40d67685bc,99.99
0x83b17a5b1c01c7a162d77c8b1e83a7f72915e8fd,99.99
0xae69b1c3ce33f80cb717edc3d935e8cb93e4c2c1,99.99
0x794ad3af58b56522b80aa7e9bc04f042c55d5b2f,99.99
0x75567eb4e22ae62d72f46225314313c8520a0f5c,99.99
0x6a61dc52015945dfc6cd0c42f94a722d5022e3d1,99.99
0xeb42ff534920a9e3ef7384c1cda5511a8c07c878,99.99
0x079e810fb5b21bb8271b12cd229b0cda888bd7bf,99.99
0xfd68aa05179165f995783cc76b26ac81955e58c5,99.99
0xc976692f0f8d77241ec715c3674f64816450470e,99.99
0x42087c28f296d3b2dab56e3f5d1aca1388f2be5b,99.99
0x1a7021be4142186db64cbbc4b628b8bbb1cd5691,99.99
0x2b7de7118763beab35e5b48e89c8ab4eb37e2756,99.99
0xd570573e7dc57248792ee1a73b948e87ecb4f5d3,99.99
0x838025a84c1b64b1d82f0102f6029fbc6c59c8d3,99.99
0x64cf6519d6cea047f00a7743b35b2bea2e18387a,99.99
0x79bdb1b578387310cc7b7a2f8c5970890a8e081b,99.99
0xae7758ba4157d0b6fd00c405169ee62678acc58a,99.99
0xa20f7eae5bae49655b4c8fe7805855f477a599e5,99.99
0x2503425d6f84c32795384e3ee8186d05fdd13ec4,99.99
0x3596c017ad351628cd31980837c0938ddbad7e49,99.99
0x250de24b28482a63a402ff3c8ebbf83dc7583e70,99.99
0x927cf8eb8129205d2b430e5b87f55130b034f662,99.99
0x17c6f0a4016d782603e4f73a8db4ce09636728e3,99.99
0xf535fcb5a50a2cf43e3b0d1e4d8286789010df5c,99.99
0x879f10aceda907fe1267b2768addbaf73a247dce,99.99
0x21a8b48bef6d9a194b0d44d22414e4896c6ae72e,99.99
0xfd59637842e62e4c8a6403143cf3ef16cffe472b,99.99
0xae6dcd07fac9d7cccc98509120c1071048cdd8a1,99.99
0x75565c1bafcaf5ad954ceedd8c20bb9788af32b7,99.99
0xda9093eb7bdbfbe84fdfb83ebb01743e6cf6f6e7,99.99
0x5a5703d59a4b08bf16d23aed1bc3d7ee95e37df7,99.99
0x92ad2575e1d8a5876616518331f1b7aeb03068f9,99.99
0x3c9305c69a07b6e0344d90858adf4abbfb14aa34,99.99
0xfd660b179cfc9333ae9c64695550431971766729,99.99
0x1a628c869eb7ede07a5b88c39eb3545de320ee22,99.99
0x79848a541da8a8e56420f8b39759b11fb758ed8a,99.99
0xd589607cb9b7ad12b50b528b0dff157f749df285,99.99
0xbdf24cb81918e5ef2ba796c212d7d6a43c55a4b7,99.99
0xcdf5082711bc1674e7ba09449b041f835b63ec42,99.99
0x65018a3a9fe18e191f26f161bbcda1d2ca703514,99.99
0xa5522efe7c13f3eef012f6871d4bd07d48e515c8,99.99
0x83ea28aea7e456abb58a7ef58d4422042393adf9,99.99
0x4bb65fdb3e672d766921ab1634103984ab6609c3,99.99
0x66462b8c3d871edff6a9e9b6c4af1860d0ec3eca,99.99
0x8692636d5bd1e3c9bfa7e78c9271efd40ff4168d,99.99
0x866f1571052b617ce6ac0a29e02f0e9198b5ee58,99.99
0xd5dfe862ded2ecfa1e7831476f9dd7d4080bdfb5,99.99
0xd1568b3e62ad370fe6dfa11922fe297f3cde0915,99.99
0x66128101866e933e14dd78098ed726ce300d0551,99.99
0x2d034227fbe1aa75ba619dc15fb7b57b329613ca,99.99
0x59d206ee603f2e0378433f8c5f17af53bb769869,99.99
0x4a992cdc4f0c60d5ceedca24c5db8078197152da,99.99
0xd6ff44b6bcc9a5a6d3ec6e5123f6dc508d52dac0,99.99
0x585b18bd03d67705792fa93a023e16aa1144e563,99.99
0xcdc7a8fcf1ff296cdd6149ad34a0023f163e0732,99.99
0x78dd172718512aa63629a526543ace1ad73e105f,99.99
0xf67c2f9bc55652f71cc59b696afe0bda577a6ab0,99.99
0xfb9284715e9b0d08153caa34c35bfaed76edc31f,99.99
0xdb8426bb37b91c915e2bfe55ab6eae1a6c6ab43a,99.99
0xbe8860144f2b76eef3115822a973c6c3036a2b8f,99.99
0x970014692673c12f735103f58f2c683e1f45bf51,99.99
0x764c4062b10a7e27408267900072da70feaaa729,99.99
0x10e797d89cd91184d058d0d2972806681af90638,99.99
0xe9b05bc1fa8684ee3e01460aac2e64c678b9da5d,99.99
0x6911df2fc5cc2ec6c7b0dd1ae5e541c6d382cbc9,99.99
0xdb6b59f66af7e3f4f860204c6b90dc54d5341c8b,99.99
0xc916fe772638dcb187738476001a94291bd56408,99.99
0xadff3ada12ed0f8a87e31e5a04dfd2ee054e1118,99.99
0x04a6c67028a49cf9b89f3cfbbf7e618098ac6fbf,99.99
0xa2cf5e655fca23761d0cbb300e237d686669c792,99.99
0x96a3ffd7ea4bdcbd706c55027d97eb5c53a0f28c,99.99
0x847103cf717e3da81a350e07ec4f18c4e0271e4d,99.99
0x86587327a9dbea6ef2d4fbc142be241801b858b2,99.99
0xa474a0b4252a3cfb0e0000dc720e84c53b0da09e,99.99
0xe9b07046a1d765c5081c5e015229f418ea11eed7,99.99
0x31fd6af75ae6e6605d04c24d37136f1b8332ec53,99.99
0x93f3f612a525a59523e91cc5552f718df9fc0746,99.99
0xe49ca47fe145b7e573bc44f96a7b98b5bea0fbb7,99.99
0x42ba209ee3547019ece148e7e34e5f268f6bcc8a,99.99
0x06aba380e3607fb5a3795411d4660a115eedcfbf,99.99
0xfb9ec9c473ce3d2f0026810749622bdc51064d40,99.99
0xb5209fe9a0341a2dc9c9ce19e48728bb9963c81e,99.99
0x35e40e7f2a718d75d401d1f2e4c9a7a9ed690f1d,99.99
0x8698350a036f463e6f0fc018e883a266e7266d32,99.99
0xbe4740e0c15b1e26f1535ef041725b0aac3339e1,99.99
0xbe8142866be40a11fe0123debe80b8cfb3d62e73,99.99
0xac4ee300adb38272d3d43d5a9ecc07615acba0f8,99.99
0xa2772d664574e5707d7dcf65be988a39d63a8d7a,99.99
0xfb6ccc892dde6eef6f3f7679a01b1443c45c838f,99.99
0x19f9aa162f71014b6b5859dd9b50b448629aa7a2,99.99
0xb4e252f06154220c9cc117074d8ecb4beab9009a,99.99
0xc836fef5464cdfaec026111af8e504feaec40dff,99.99
0x5831b643156a7f72eea5113741219b7beb66cbcb,99.99
0x974536d825fa748a43b4596368ebd53af7afa6bd,99.99
0x2470b39538212e4093b6b154d9893080c6bbdc12,99.99
0x321fd66cbd7fa8a628a14a87f1ce04781cd0aedd,99.99
0x75e33d05f6df809469debd1d0908d8a356c15e6f,99.99
0x83fc8434cbe8d385870e68be283f053de30a4be4,99.99
0xc0ebefadcbf1d2a85fbfddc226a95860f5152b5f,99.99
0x043e318a6c11970e3f7950dff7bf51657337db2c,99.99
0x7939149c27a99954884fc7749ecbacebb8cd99e5,99.99
0x50fe0bbed4a5247b77f7fcab00d0dea12cd29207,99.99
0x425bd4fa94238d666b4deeb2dddeb7d5fb6a9c29,99.99
0x6976b21f3c91bd112aa41a6ef9be5212852db6f5,99.99
0xd70aa356a78d63357e8a24bb5d989dab637feecb,99.99
0xac63313600e87da91eb4ff50ab3ad2c2a053aa22,99.99
0x06e2a669f4de7d537156106c4e1f605d67d201b3,99.99
0x869cb03cac6dabb68e71d017cfb6beb537684962,99.99
0xb50b0b4ecdd6106dde1bd5887cd891b982fb16af,99.99
0x36af5d30b92db4699acf46605f0118c4998bef03,99.99
0x65e714b00f2a8f660bbac9ad866eed7b153cb09d,99.99
0xac76f3a96dc5957ee47b28620878404a4fecd732,99.99
0x523e078bc3a5efc3965802bfc213cca766f6c7dc,99.99
0xae27068c648ba514bda71d431a4d345ddf1767c4,99.99
0x971e51d71a13a94fe9ec3f0bde33e5375ffc67ac,99.99
0x760df7b1114e163eaf78e9660acd948e64ab59d7,99.99
0x78f980b2e4f61915a1721e2a5ca7cf9375a48408,99.99
0xf12692f90b384623b7d3077d6b342bc3871186e6,99.99
0xd70804463bb2760c3384fc87bbe779e3d91bab3a,99.99
0x58528684d944a68ccd8c4ff5187aa7aabd892362,99.99
0x52515b7ed492130eedd46d0771469500e113ae68,99.99
0xa4b704bffe0c04bef9cc04038595fbe91c73fe25,99.99
0xf12b8fb2b9af96d7da9f9734169285136eb71e69,99.99
0x1b8cd737fffbaec157b01dff0f920bd807b0bfa7,99.99
0x4b105ea26088845abff6a082c49c8f1c894ef9a7,99.99
0x26f580e930d7982f82138621f074a01a75adc920,99.99
0x8a8a429781eeabe3c3c97172b1189fa0fee5e835,99.99
0xa7dc2853fdd1d974872c09d96e32e73dab788b91,99.99
0xed805cef3be16fa32960d559afa8b69ea81d8437,99.99
0x3e27d580fcf43efd7681103642332ceb705f89ed,99.99
0x7f5b853efd64ee5d2066753c689ff1b1995a6a90,99.99
0x5f31a4f187404c6d873d7a015863dc8264800794,99.99
0x7de482c4719f54bb5f671c6941541c502ff1385f,99.99
0x011ebe45c131e87e187d185b842facad9e8e9dd9,99.99
0x2ee8670d2b936985d5fb1ee968810c155d3bb9ca,99.99
0xb8d7b045d299c9c356bc5ee4fe2dddc8a31280a5,99.99
0x60d716fec3e25a00c15eddeae424a7b96daca4b8,99.99
0x136d9aade0fabb66dfaf7fba1d450c447d8d9d3d,99.99
0x2a08fecb8ac932cb7d3f6a3a0e434a4b9968dd56,99.99
0xb2a76d202dec10905cf7052cb6b0ef8f5be1ba83,99.99
0x5dac446862b2b2b82e4e83d0b72109cf6b2a6087,99.99
0xe1f2f6eb17579c6c3dffc0c85a2be1ed19153eef,99.99
0x71a3d27d6875698f40d8014ead9f119fb2af94a7,99.99
0x54565b57aecbbaa90393536debbde5b88065fc26,99.99
0x5db628e7fa3c45e141c9292cb2a5bba12838fbea,99.99
0x8e962c05a294bc5347b40f8b79ff5516c7ff477b,99.99
0x6fb42a09d22a7dd18650046a25f33b43bcbaa4e1,99.99
0x7cb440dca092a32f2f0f7f55866477ee26d5c904,99.99
0xba8a64f6dcf0d0efbbba9b35a4ca7a87462b51bb,99.99
0x9c15fad72a0c7416392bd753e3b53fef90d49de6,99.99
0xd3092749aa57efa3fecfba1070590678064f618a,99.99
0x27aba56abc50db3a8310f6b5153d02cbf80cf93c,99.99
0xd9197f3fffba9812b319ee032a6cce7082089ae8,99.99
0x0ce5f3241f2fc075d0b083bbcd17e7c6067cf101,99.99
0x3f3a206662db588c741f95fccdd74d32ededbfff,99.99
0x8a81126532a690e21debb35832cdda8b9c29fa26,99.99
0x38343fe4c5c9086d831f258ef1fac1a21394b4cc,99.99
0xd8b3d214529eb391b1b9428ed2c562852c4185b5,99.99
0x9ef248ec4c107cfb3c506bd7be56e17351cdecbc,99.99
0x5445f987ff43fe2b2c31b86ebfc585a3d6b02120,99.99
0xb29006390fdb3107da227275afb5f0ae81588d74,99.99
0xe5f62712cb0371063b50346878558e5bb956f683,99.99
0x6ea8492b053b3cd57634de3e21ed8476eee118a2,99.99
0x6ea82c9dc34393b621b3d91426f7f3dc7ebc8983,99.99
0xd353bbf69d0dfb2cd6798dfff40bb31ae565ccc2,99.99
0x33dfb569336a97d676fbab1e53e50d619a06cf9a,99.99
0x7ddee332180bb7e6977c154ca212d3d404be39d1,99.99
0xb2a2e5f6d71512ce565a3c22d8b9ca73343cb770,99.99
0x0a6afb591cef197bd25ccc8e70a90909ae46c749,99.99
0xcc016b10017c1dd356ab8ed1db25b207de4ffb64,99.99
0x8e8175f7be6044f90143b0bbc0c021eb2d484002,99.99
0xd4365052cea217a385a746c40fa682366b019011,99.99
0xe228c81107836baf36b7c43c7fb090bf6a51dc2f,99.99
0xf98d68b719fb01789bb2da429ecf1583fa2d2186,99.99
0x8e7a2da15b5f9b3a443a8551635ba6618fc62e2d,99.99
0x142ab6d22c6bc18f5978474ebf4313b297796d89,99.99
0x3ee129d7370b53c8f4c6253c8d8cd4f47c800a5d,99.99
0x8d5238eacb01cebcd06f4fcd7bd321d00124ebf2,99.99
0xe22b734f3e3e488ad0c36d6f9f005c3e93e3c9e3,99.99
0x3f3e18aef051dc2b489cef138bb9e224f78f7117,99.99
0xc66adf81f5002a9f7d8f0e3ec2a523e4a628406b,99.99
0x6fb2198d8f6bb758c58322c8cad3567e0eeee3c8,99.99
0x7f60451418c80eaa4a021e4efe2c53214b1e3399,99.99
0x4dfd419ecf998f7908d99902ee1f6ade9dc62631,99.99
0x0c4d463eb7b45fbdf0d22b68e62df78de907090a,99.99
0x4725a94a2b3b92d6c7bb9fde9e5f155fae71d862,99.99
0xcaba1a66f0049ab97256d75eeb48d540a7a1f8ff,99.99
0xa8bbd768ae1bae2e29e3cea581e4d21b30727e17,99.99
0x15e40dec561141d88e1650de7136b7c2ad1093c7,99.99
0xa99ec9b2ce74d9eccfabdcecf00e18032f8e0553,99.99
0x1c012b03f1c2dea274d2eeeb566b0eeabfe3af1a,99.99
0x2f5bd25853a7d5838784eae9fffc48d7599576d5,99.99
0xf9bf2aad9b4d6ff73a2838251ade46cb53f271c8,99.99
0xeeb5b673cd0136803ebea5d61562a2196f02bd49,99.99
0x28cf5c117c2b4a2bce4ce3c8100fde1d730a7b61,99.99
0xb1dbda5d40dc8d3ff2f631bd13f9ed4216b3823f,99.99
0x9fd87d9370a6052f35de0b9079eb306ab27c3ef7,99.99
0x396e310ed7f1ca78a0dbf08cc27ce1ef4088f714,99.99
0x72abdef4456a001ea0c63f09234790845b6d9f8f,99.99
0x6124fcd7d9abdcbdd0ff8c704a9bd35c05add22e,99.99
0x9ebf36d5d78e29128724b9298020870ef9e4f83f,99.99
0x61255c7977c40bbeaefd9ae3070396dfc0be00e6,99.99
0xa7a2b208d11159c5b215f7ffe38a5099fedaa222,99.99
0x2a25e52ea2b404714414e193cd5e58867d5c5373,99.99
0x15e8bd923afe05129b2fd1ae11bf346830d514ab,99.99
0xf41505c6aaf5d68b87c237a20d1cac32fd465f98,99.99
0x1d9e7cfa3f5839a0342e1b304aacc06946a6f7ca,99.99
0xc698d29db8a6ab6ca6ae389b22071d33227a5782,99.99
0xe5dd78c224f26e306c84a9b1aa2def30bdf15835,99.99
0x297e625054f2bb2413d955435b390542fd60cca8,99.99
0x7186ce946a1bc87680ff0ed8e5d684ad27b3734d,99.99
0x80b716753ca862ef3bcb7426a35778c72095eefb,99.99
0x46ccb9b24baa3fb761934f566e1613339e2afc92,99.99
0x402c222be058f44fdb8b887eeefdecb2999fcc25,99.99
0xf3869571743c63bdc4bf5e92c01595cb30e04d98,99.99
0x55bd3fcb236e32ae9e927bc8882a54f5827fe5ca,99.99
0xb1417c7fb7e2308760b1ef5537f50d251faf3dbc,99.99
0x7cb1a6efda5da65f174cc2d77f0d6121c8e94624,99.99
0x6e57766f4f652c97399eecb1e3f14382ef494672,99.99
0x5f1dc8a8675985eb199a0895bb0eb111144601aa,99.99
0x4f5646cde956696e1882ae92d0f229ff41078819,99.99
0xdce490728ffb49fec9d9ab57b55dfcf182f6dd48,99.99
0xbb5dc2d7a343d1738a97bef4eb5d2e09f188a74b,99.99
0x0136d9d22ef164fff5dc5675dc63196e25316f2d,99.99
0x3f1fa39124bca83458767423d5ab0bf6ceee2a56,99.99
0xcb4d2c44d46495658cfe45057e3c61852cdb05c8,99.99
0xb8d4fd33c174da3b987d429bd5fa43bddd516a42,99.99
0xdca0e0fb4bd2338467fcbd59fdb400687a49033e,99.99
0xe78bcb254e84231164b8845ac5d01e55541c8ab5,99.99
0x55046078fa9ceea08bcb01506c0fafc09459263b,99.99
0xd3be9f0f2aa176db4ada5f62ec4e70d4f5cb9ab1,99.99
0x0a3916df4ee8966c8003f5388b92b189b3563134,99.99
0x9ed176365cc9928d492218f837aae08019f1f465,99.99
0x3968df55781bdaf862ad64b9eac9eac353800c87,99.99
0x8a6917f38e825009721edd41038298fc584e2a74,99.99
0x3eb0510a2c0fe9a6aa367ebd455e011f912413fd,99.99
0x14f72993ce927c271066484839b2ccf00b457609,99.99
0xff599af039a5b84c86297245464b9518b04f2e13,99.99
0x134d3c15554e065d1c994aa5a14ec066a556841e,99.99
0xfeff5e65097525721a441c692d632ddecb8fe78f,99.99
0x14f5aee4d391465aff3080849b3c27dcf76289ff,99.99
0xcb4f54f54b7a9205841896e37fbaca116b25db30,99.99
0x7ca550668333a8b640d5681bc7b7930dbae36cd1,99.99
0x4859b95c1ff8cefc79084d3a63528847b837facd,99.99
0x0b1cf1ce4e07738355175567efea31cff688982d,99.99
0x48d21dc6bbf18288520e9384aa505015c26ea43c,99.99
0xee6afa860e93cc5c45618c574f69819a3e5263d1,99.99
0x7d93d6b0e8ff86760826b53bbd8f720251bd5c6e,99.99
0xdc56062bdb516b981cd69d515bbf7944b5247866,99.99
0x4f1b4a2d5cf60240df3035688db8cceb97170301,99.99
0x13b9aa59477061fe7f19fb77be8beda497fcadbb,99.99
0x4da762afad7744b6f225d6603241b636ae2e514a,99.99
0x6f541ee51b504f47fc053be472901927d8cfcc44,99.99
0x5d71b22a5fe3d18b188c8be0baf91aa8dfcaa692,99.99
0x2f1d41e2b4dd310eb07da2258c783c662fd5f964,99.99
0x8aeb03b3a994d8bc6589a6dfcc5b44b2b08d4431,99.99
0xbae669b6dd5bb9ae5ef987dfd114e63fae791527,99.99
0x2f0e17761d5b41d5c819155d9a99bd4dcda5fcbe,99.99
0xa9d706c9c1bb9ce442e76704b2ab737e9264f912,99.99
0xb2638a22582ae8dc22ce8313ac2dcb005a2ae322,99.99
0x29d11c52c88a47020e92606dd75924f1284ffa37,99.99
0x13ae506eadf0a43488ad3463270b4cf804e97bfd,99.99
0xe7437f1298412066f322d2fa58ca431cdf344c72,99.99
0x5d47e871f81f84d3154aec772bcce14973112c69,99.99
0x37fcc6a85286e06750e778cf5e0f1bf90488564c,99.99
0x6efbb663edd21a7d01f7aa4cf76fc09941a2a935,99.99
0x280bf69d522bbcfb3aeb138c59d85a16e449057c,99.99
0xdfe201cedc41f970d43f95674d6b4be02de784dd,99.99
0xe2ac7b18ff15335b550b5b595f5e14864fd26e0c,99.99
0x478571d10e2b3bfb2f46d0043c2da521644cc04d,99.99
0x1e550fbace19d52ec475e2d78bca1acec5ba0994,99.99
0x8b37fabcfba45d9b7c8588b47dac0aae3c69e5c3,99.99
0xf9447cc01329a32cffc3708da8e80dd6bd52eaab,99.99
0x5d4efbcca3ebedbb2b7d11052c78e4d6eda947a6,99.99
0x1c58f8b8fc42df584eba2b81c525303779081687,99.99
0xf83a815e8aee3b5d570ccc07bd815724f1672b89,99.99
0xb24181d897903caba6bd1d7e46fdfdb82eb6138a,99.99
0x487fd2bcc282006aa120339513f30ccbb553d328,99.99
0xe625078655fa48224150f46a09012638dd78a276,99.99
0x4761e38d875fce1313b75ee083b4f97c6b8efc66,99.99
0x54207f8aae8b9b6686a7b863dda6511eae487d13,99.99
0x0c973b17d8a21016e776842803357f71770b2372,99.99
0x4db079a4c0f62aa97b6c2a33001c1853d7e77436,99.99
0x5d54b53463709124303b8532f45489a7ef641e40,99.99
0x722d937e51c9731a286090b007a45ad4a7a0ae9c,99.99
0xdfe0ef420876b98c5d114643d5be10dfb14ad061,99.99
0x9f4138f73b819c04fe359f2c5620fe6a29bf5a88,99.99
0x8de3c79efb0a3bae779e2cc5b6f5023913fca547,99.99
0xf95004e41c6a1516b0e01c427695c55042e00fee,99.99
0x9f2f0024c67c966758506025bda3e16072e596c5,99.99
0x0abc80cb388b04e6ceb237a3a6897d07ab378774,99.99
0x3f905f713dc946e907ced44acd7a0726f293cd7a,99.99
0x0c937c204b0976d8e1d9807b3674d748df97a741,99.99
0x4dae141ec6c9ce3d592479b934b359a2d14dd449,99.99
0xf3cf013c1bba2f9df6f1b36d777e4dea0ea5ba6b,99.99
0x9f52b56fc171f9d3d0e5cd70283e62c82f487e0c,99.99
0xb2418bc58f7e64e68710886be718f5c2adcd0df1,99.99
0x0ad82809168be581d1e708457b4a45b0bb311632,99.99
0xa828ae3314dd073581d0634e9fcd220cd4a4e770,99.99
0xb0a83019f950c722ff415e1a0373115b2f70588a,99.99
0x39180271b4d1a0cbe4d9b99bbfadb1ebb9b635db,99.99
0x284620b56318d18db45e40614556b9cb1d0dd92b,99.99
0xb0ca35bb14a17c41a87e81e91d299245ae0f9b5c,99.99
0x9caa7bc8c3b56b1afe803b45b5be066c2cd87fca,99.99
0xb92fd749168234f3a319ce6bcf40ff1600441dfa,99.99
0x4f48a5fd6f195f75afb3d88b2c06036847d30d7c,99.99
0xee6420f36947b08ead56bb8e541f7d1efdbefc62,99.99
0x3e80521966b28446b414e0b376c1dcde4b814286,99.99
0xff35a636c116a43949f93057c4e2b9907e4b63d2,99.99
0x7f9095575034fadc9bcaeb29c5157c9c6a8d89ba,99.99
0x801b1dbf4fa5276f91efea8b7a779973c73519f5,99.99
0x3e4b143ec4aa78acb5c9f51b4955dc60f8268f14,99.99
0xe75a4e00ba2d15649ac88be4f0cf1514300828cd,99.99
0x1c3a068430f8fe592703d07b9fd063d47bde8aba,99.99
0x4f3a36c91c392781536348c03dfb8f6e265c277d,99.99
0xd8d776d17dbd1334e5a990e8189fbf8a4b6df979,99.99
0xaa192c8bd6498f87929ece5b4669ada58df449d8,99.99
0xd96e30349c431a458926d4664b4f8be97c35043b,99.99
0x60771ae4c5f558a2fc050048619f1b4f1b8a69a5,99.99
0x4d8f5d0ef2ac8d2bb06fe362fc468f8e9633c746,99.99
0x158fd8fc22e33f6b7590ee19de3a51e9d94be909,99.99
0x48aaca81c945e1e84da4d662e0de579522bef4c6,99.99
0xe27eaa5abe5857a5aca11c853447f751b09bd4e2,99.99
0x0ccdcae13a5636f7b642e8b2b8e8e4e4e1a187cd,99.99
0x00fcaf8c715f4e8b4710a73fdcf9e729972612e3,99.99
0x9f9317e0790677733d3ebe3d3305de9ff4351fb5,99.99
0x2f4333dc30d388bdb82616897c4facc2551c5f91,99.99
0xed6e891a405e8ad9692ac1ad2f0833debc7e4f86,99.99
0xb07771dc1cf25495440c655df0e0ac0ecfdc576a,99.99
0xd96c48f8020dee6be75f2063ce66672dc16c3aa1,99.99
0x1c343e689546a8c86088a927cec532b50835e640,99.99
0x5d27adb7b87bddae644e314fb49e78cc6bae5fbb,99.99
0xba944abd6ad261b220dcc8ba6b53410cb024fcb1,99.99
0xe758d4d440ff5326925762414bb245e3e2137dc8,99.99
0xcf0ac5f1d3aecffa3be08339353ce456df68eacf,99.99
0x6ee769ce1eb5fd4ef144336f98a4d23c9f73b7a0,99.99
0x7f9e42258a92555e971fa1dee7a9cb369d52651a,99.99
0x6058369ee9606e3576771040b9b1c043399ca68c,99.99
0xd998171b51dede5bb420228f8ca6e349daf0fd62,99.99
0xcf15099e120fe07861319692d321f1d93f23567a,99.99
0x6ee72a86ff8d7f84e787907c24a990885e55acbc,99.99
0x8b42a699c05a322da6e2f2333e7e369f9a9bb95c,99.99
0xc4666129b87634d54c644ed9a3be567aaf9d336d,99.99
0xff706dfe7577e4d09c7de8bba3ae6cc2b9fcb8ab,99.99
0x9c9c45ce02fe2d66bff2f2e6eb381d54c3a6616a,99.99
0x47433a851b520207bbe93537cccacb83687b74f2,99.99
0xb21090c8f6bac1ba614a3f529aae728ea92b6487,99.99
0xf8125f790c85f0f9837b5bd5f40b2a42e449e369,99.99
0x71ef592ce89225ff39a04588c532089331858a6d,99.99
0x5fc21713e7ea8804073442b04cd660197763cd3a,99.99
0x7f957c78175cfdc6a7b67d201a06e4964aa73fa9,99.99
0x37fa7c6b28fc5545d9523d6dbb329be7e1b9e7a0,99.99
0xdfcd4f74729d858f98fe0028d05b27226f0e8bdb,99.99
0xdcd3b6119854801ac6beab9d3ac14acae25a9a0c,99.99
0x7251c3b25110622df6a54a263caae1b32ee5054d,99.99
0xd8fd20d0590d9ea49067ab288f0f8600eea2bb24,99.99
0x9f7f7ddbfb8e14d1756580ba8037530da0880b99,99.99
0xb082449c394d61c1e5901b939007f086b555926b,99.99
0x7dc8d15226c99f554c2e9a8252f6844246a02f34,99.99
0x27f538330b35577b750d76001e25cc92b99d0599,99.99
0x9d337f7bc48c02da80a616626e18a4740af39284,99.99
0x29b8fd65ea0cb14428365d3244662cca59e102b8,99.99
0x33d1dfb4b4737d551a4e4900b3fc5367a486b4ae,99.99
0x5cd6aed37bbefd1f91e79c4124de45e259fec5be,99.99
0x7fcd2d4526bfa8a354c6363656936d36d1b7fe42,99.99
0x46761eb19dd808cebb45845bbf94d7faa6a83eba,99.99
0x537c6afa0776453e1644ad86315cf1a9b3e3ded7,99.99
0xafe8cc927707cc85f5e9ff08d41cceda8b377288,99.99
0xdf9924a483d946e8e2cc50652a6b3907e64edd5d,99.99
0x000f7f22bfc28d940d4b68e13213ab17cf107790,99.99
0xbbb640253485f73b0420a678949d92b95d8ae405,99.99
0x406a60cc33f866bc3f9e46b1335694b495465312,99.99
0x0b9c4429d1596b1c26f3f0125a4802ace5dae570,99.99
0x000000f54395c554346bfd24e6a1ccd90b881a4e,99.99
0xc39e2dd09565c0c01b92a087b3b204494aecafb4,99.99
0x8f1f45d3bbe12c39ed0c2c7c50f6aac18a568805,99.99
0x3852fc8dd1d4ad8bf34f51c1c5f02358e7f958d8,99.99
0x01c7664ea0e4fa975ad3b9b97794e9b0c3901985,99.99
0x29331169dc813f1a73dd306f971df4814850578f,99.99
0x80ec915017a84624f2e1e5fe1ade728bdb86fe67,99.99
0xd03ff5274e6ff0b43cee31cafe1c40324fe5d33c,99.99
0x53843909a83a631a8c696d18d515d9b414192ff0,99.99
0x14b46ced7c91bd5b57e566fe2bc0ad64a04775a4,99.99
0x9fff0574d1984947a62bfca490af9a57f34d86b5,99.99
0x53833bd30dcf935ffca075da479401c1a51ce794,99.99
0x70e439584ef1ba300106b9c16543eaa1de676dc2,99.99
0x53797a73169c9cec4b573db7139703152fe9e41d,99.99
0x70319a13a489b363a9ef0007f5b2282cc729d2ab,99.99
0x1d6294cbe899a3263f949090aafb2c2f08ca47b3,99.99
0x89ba504e163f7429cbca7bc4f85bcc32adaa110b,99.99
0x2972370079a4f7678dc00463501bfc8ad9886c1c,99.99
0x5472367e0bc0f3ccc8d63be92aefdec51bf4f3ae,99.99
0x01a45f7fbf7453092e49b6db137568f9cfab8ead,99.99
0x8a1361fed1340d2187145cd0097d8575ff81e15c,99.99
0x1d13bac26f5e81ba836c9c8b110b10aa20dfb8e8,99.99
0x5ca956fd6c814d623039324b204ac94aca8342fa,99.99
0xd87116ca3ceecf14dec23df39a5f439c1f6a274e,99.99
0x293425f7e1f094cd06a264187d830b59e54cac1e,99.99
0x7e41a82aef7e27da776760c5abdb10a0c847b2ce,99.99
0x89ccb048996f0c708a8c5e02fa1e1d37f0a5a90f,99.99
0xc3b439e6364b3f8d07754fb782e509e53b3d0b1f,99.99
0x9b8c21879cfc139e29d449959befff5b60c65f48,99.99
0x710ac6c8265baf4b3656f18677107e0aa053ed5a,99.99
0xf7d59ccb1d1637c7bd928629aac4abdbc96e1c0f,99.99
0xd3a1ec5648b7d5bb414561caae56389932a6cc74,99.99
0x5e0158553598b40ecc13a3b1f78ee96536e6d0da,99.99
0xffd76d8fe5f9408cf1384062bb2582523d29ed8f,99.99
0xd9dd2fcee3b55e078d95a6ade3081e8332c750ee,99.99
0xc3b2da67d2a9028c9878d3f597261cd05917edf9,99.99
0x5655a7e05f7918d7b77de219d06e51aaa7a6385f,99.99
0x09d6c09ea3c752052e4f05a88a4c76a7388d2daa,99.99
0xa7465978149d971f0073c686ab0672bbc0272e66,99.99
0xaff6bceded11d06b5f554d58d4ab3525fac0284b,99.99
0xa74e8937bdad4b12e3040e8d8450c673ef4a54ec,99.99
0x54734fb2738c1dfdaa4de703126db149ab7855f4,99.99
0x0d3bb9ec68234bbcb9fb1ea3311d0f5232c4dfda,99.99
0x0d3f627c28145b376e217b91c65e548c1b05fa91,99.99
0x5c77e9573be2cc30654db887ca38f249cb9cae81,99.99
0x8c2f109ba0a265cc2139c7b5c698894c655d4673,99.99
0x34270c9aa58f5c763ed1b1c9e89de4d584786c01,99.99
0x162b9844cc4cbdea198431cd758f640cf2356479,99.99
0xb00b585bbc642612dbedc0f7c31e9962fde55c71,99.99
0x711a71e1873988f8da861e57b01a7838b8068b93,99.99
0x5c8389c39d827d58b09746624002887caa978721,99.99
0x1bcc40f5bdfca6fda9ad3af50dd5c8697ad76f0c,99.99
0xd85eb0c9d14116c0a9acb6b4c393696b0f104047,99.99
0xc584c796662187b1e80b563c6208eea6e21ee7b6,99.99
0x711d8e2e57792b81f3672ea06406a3989f2a576d,99.99
0xec8ec771eb2f47492faf7645fab3dcb57ed1b8a7,99.99
0xd9ea912debc5c51aea67633d67e9bfae5291b20c,99.99
0x5617a73946bcd6ac851f075093cb6d35fd17fb45,99.99
0x6dcbb3bbda11c6c5aa7ce79aa81c2f10b4a2668f,99.99
0xd04b5f64cc6f01b89bcf05c8d2286e9ba744ef85,99.99
0x34d346fae7ea970ed88273c3be75566a8431820f,99.99
0xca9906dfe1a133aed12cee8962c9cc8e8e19e8c9,99.99
0xd9fad3f0a9f0dfb3b654a716e41987b9a593b620,99.99
0xb015e2fe2294a8f01dc04dd8eda3c8279c0bf6c5,99.99
0x27410a4038d52538a1e9e312a0d05298cc08e71b,99.99
0xdd01b921bff90de1203261c3c87d35396ea9cb34,99.99
0x2967b3f4abbc80c1777a2d1587980f7c3217ab53,99.99
0x292d1807aa8dfdc53ff9605d4b743a8fe1fda456,99.99
0x4d361df83afe845046ff5593a9189f455f92c03c,99.99
0x7e61f47d362366daf603e57e55c373fc59afc127,99.99
0x70564145fa8e8a15348ef0190e6b7c07a2120462,99.99
0xd852c7853aa8f659dcea5dee2853299ed41bf852,99.99
0x27391bfad04e1baa6703d0bbf5d41ecee21771b8,99.99
0x54ef989864ec53e7e8ac1bb25cbf616328f1469a,99.99
0x9e8ce5fc6407a903b2b1cea3a365712d1ddc9bc8,99.99
0xf3432e5c3ddaa3dabf0de6dd9136a0d388de550d,99.99
0x8cc7355a5c07207ef6ee188f7b74757b6bab7dac,99.99
0xb9907b16639a71d02759db0f063d0140231c6b65,99.99
0x4f9362cd78eebb0357a5a5cc8fcd10922d1537ba,99.99
0xd2d1e5ceb94f663b74d0d04954c789a969cb1334,99.99
0xf7ab7c10b2ae4b4d505b037c987f8a59ff69ba6f,99.99
0xa969475b7fffdb97f29df047118dfdcaa1122009,99.99
0x29106f792747db3476d66e190017d0a8f482e02f,99.99
0xb16888f34fcc7964facd146665e5a103679e177a,99.99
0x70c0f6653501a282d1106b42c38bfad00e7294ea,99.99
0xe681a2b247358a43dd24f6d93e2756a061501b65,99.99
0x89ba0a0b09eeb3c0b32619c9e0a00e4cbf52d0af,99.99
0xa725b17b42d3b4f64fb9bd2435480384f5998663,99.99
0xa7615cd307f323172331865181dc8b80a2834324,99.99
0x1bdd2c5d17f17bd2882e3f44d0b30d3faaa7b1d4,99.99
0xb02522af5046eea6f82435b29ff47779f44fa93a,99.99
0x4d4366d99a91e9b18005ce8fd13711a52dbcbb71,99.99
0x09f8b3c1831ff409d9ab5035aa08a5e2cd2e13e1,99.99
0x710ca1e0ae717345a2de3705498dc79a37ccdae7,99.99
